charge,discharge,grid_import,grid_export
0.0,0.0,6.32386632674107,0
0.0,0.0,3.822355419435088,0
0.0,0.0,3.98953954591091,0
0.0,1.5,3.1800259065165792,0
0.0,1.5,4.398836333654548,0
0.0,1.5,3.3903465364728342,0
0.0,1.5,4.851908311018211,0
0.0,1.5,3.295484965679382,0
0.0,1.5,2.185399948434271,0
0.0,1.5,1.724122261895295,0
0.0,1.5,1.4056604973013003,0
0.0,0.0,2.927080562778245,0
0.0,0.0,0.4310915228627725,0
0.0,0.0,0.36239230630924046,0
1.5,0.0,0.0,0
1.5,0.0,0.19740821465309977,0
0.0,0.0,0.9354313789166706,0
1.5,0.0,0.014195302610160887,0
1.5,0.0,1.1514572807667285,0
1.5,0.0,2.2129026770932425,0
1.5,0.0,0.5804225087960098,0
1.5,0.0,2.3473484212533213,0
1.5,0.0,2.632111014502489,0
0.0,0.0,3.7436425444255668,0
0.0,0.0,2.540332877440834,0
0.0,0.0,4.0022708724854965,0
0.0,0.0,3.7173418772804117,0
0.0,1.5,4.052373681920708,0
0.0,1.5,4.224584726022414,0
0.0,1.5,4.295323248634423,0
0.0,1.5,3.24279872476507,0
0.0,1.5,2.7377062554505427,0
0.0,1.5,2.84453989202577,0
0.0,1.5,2.105810703964073,0
0.0,1.5,0.8171110820635978,0
0.0,1.5,0.0,0
0.0,0.0,0.0,0
0.0,0.0,0.0,0
0.0,0.0,0.0,0
1.5,0.0,1.9408650335676922,0
1.5,0.0,0.0,0
1.5,0.0,0.0,0
1.5,0.0,1.38370016474987,0
0.0,0.0,1.648870089212671,0
0.0,0.0,1.4198286927077595,0
1.5,0.0,0.9412750228772144,0
1.5,0.0,1.5144460918268705,0
0.0,0.0,2.0139176953496425,0
0.0,0.0,3.093380308780092,0
0.0,0.0,2.42034724704763,0
0.0,1.5,3.477258153678639,0
0.0,0.0,4.429019494516532,0
0.0,1.5,4.00085980251983,0
0.0,1.5,4.31110828612362,0
0.0,1.5,4.221756451769485,0
0.0,1.5,4.186165638630444,0
0.0,1.5,1.9744373852770005,0
0.0,1.5,0.6632285656258903,0
0.0,1.5,1.1920166616629118,0
0.0,1.5,0.3137988303233574,0
0.0,0.0,0.9127495964078913,0
0.0,0.0,0.0,0
1.5,0.0,0.0,0
1.5,0.0,0.1144159404216527,0
0.0,0.0,0.005128386445421018,0
1.5,0.0,1.0030201494336377,0
1.5,0.0,0.0,0
1.5,0.0,0.2734791557165819,0
1.5,0.0,0.08920207245849765,0
1.5,0.0,2.2087968965278484,0
0.0,0.0,1.6135063278149842,0
1.5,0.0,1.5353101048148812,0
0.0,0.0,2.263322289113416,0
0.0,0.0,3.3561883752093356,0
0.0,0.0,2.2112740493869336,0
0.0,1.5,4.395747972351629,0
0.0,1.5,3.4513503632534803,0
0.0,1.5,3.680239596126719,0
0.0,1.5,3.530557440410224,0
0.0,1.5,3.4069299699803497,0
0.0,1.5,2.5127947283391743,0
0.0,1.5,1.906298609893057,0
0.0,1.5,0.889738231656394,0
0.0,0.0,0.0,0
0.0,0.0,0.0,0
0.0,0.0,0.0,0
1.5,0.0,0.0,0
1.5,0.0,0.0,0
0.0,0.0,0.0,0
1.5,0.0,1.065154704630841,0
1.5,0.0,1.550446389671504,0
1.5,0.0,0.9287568207055314,0
0.0,0.0,1.5462142980331675,0
1.5,0.0,2.5278401828217723,0
0.0,0.0,1.1601223716999014,0
0.0,0.0,2.6239862117454917,0
0.0,0.0,3.06184275693056,0
0.0,0.0,3.784491086670524,0
0.0,1.5,3.752897615900161,0
0.0,0.0,4.333482164917273,0
0.0,1.5,4.161668677165356,0
0.0,1.5,3.621067503338785,0
0.0,1.5,4.590726925657826,0
0.0,1.5,2.923352759209127,0
0.0,1.5,2.4305936747833314,0
0.0,1.5,1.5604891527147497,0
0.0,0.0,0.0,0
0.0,0.0,0.7677993034223287,0
0.0,0.0,0.0,0
0.0,0.0,0.0,0
0.0,0.0,0.0,0
1.5,0.0,0.0,0
1.5,0.0,0.0,0
1.5,0.0,1.5658119304867313,0
0.0,0.0,1.211669970620561,0
1.5,0.0,1.023384281337031,0
1.5,0.0,0.9249296658907467,0
1.5,0.0,0.3125745007443861,0
0.0,0.0,2.4399796949522514,0
0.0,0.0,1.3489340894022455,0
0.0,0.0,3.1047005236572653,0
0.0,0.0,4.152546486463091,0
0.0,1.5,3.719407611335977,0
0.0,0.0,3.874990633817684,0
0.0,1.5,3.00676404337575,0
0.0,1.5,4.461678346687693,0
0.0,1.5,4.46491689158867,0
0.0,1.5,3.866118860290816,0
0.0,1.5,2.276673159428713,0
0.0,0.0,2.316181365348921,0
0.0,1.5,0.617317909351276,0
0.0,0.0,0.6805002010077117,0
0.0,0.0,0.0,0
0.0,0.0,0.0,0
1.5,0.0,0.0,0
1.5,0.0,0.0,0
1.5,0.0,0.45742847404353437,0
1.5,0.0,0.8309185315279073,0
1.5,0.0,1.9897229362344728,0
1.5,0.0,1.5648342960961727,0
1.5,0.0,2.814662141838501,0
1.5,0.0,2.5634604154013827,0
0.0,0.0,2.364963742758224,0
0.0,0.0,1.5396568875328458,0
0.0,0.0,1.7101920590247581,0
0.0,0.0,2.823238631329743,0
0.0,0.0,3.9300877070723628,0
0.0,1.5,3.9474299769314114,0
0.0,0.0,3.803479772034583,0
0.0,1.5,5.546350186302343,0
0.0,1.5,3.869474593523799,0
0.0,1.5,4.112961838928087,0
0.0,1.5,3.447494554869105,0
0.0,1.5,1.4451350965185341,0
0.0,1.5,2.031697391363101,0
0.0,0.0,0.0,0
0.0,0.0,2.6425200506245483,0
0.0,0.0,0.0,0
0.0,0.0,0.6418840294482844,0
1.5,0.0,0.48445338350428413,0
0.0,0.0,0.11710649641207338,0
1.5,0.0,0.1808067898227499,0
1.5,0.0,2.0790859905158503,0
0.0,0.0,1.7270296438298156,0
1.5,0.0,1.4567136620011676,0
1.5,0.0,1.5185664647210193,0
1.5,0.0,3.232541088099624,0
0.0,0.0,2.168043303863615,0
0.0,0.0,2.8595983073317313,0
0.0,0.0,3.695749064189746,0
0.0,0.0,3.947634854215808,0
0.0,1.5,3.7355826378436947,0
0.0,1.5,4.7900357633222725,0
0.0,1.5,5.435966929803054,0
0.0,1.5,4.533244680950615,0
0.0,1.5,3.075772382169946,0
0.0,1.5,3.6833401278889375,0
0.0,1.5,2.368438023017009,0
0.0,0.0,2.1154419557489517,0
0.0,0.0,0.6273201990185104,0
0.0,0.0,0.0,0
0.0,0.0,0.7996394236685158,0
1.5,0.0,0.29891866724064475,0
0.0,0.0,0.4829289163206534,0
1.5,0.0,0.0,0
1.5,0.0,0.5618128663441624,0
1.5,0.0,1.8754459507387147,0
1.5,0.0,2.167929487578176,0
1.5,0.0,1.478271707488958,0
1.5,0.0,2.579156839318628,0
0.0,0.0,2.732392833707517,0
0.0,0.0,2.5751362008154643,0
0.0,0.0,4.102149267661843,0
0.0,1.5,3.2665149911088625,0
0.0,1.5,3.9581691743817755,0
0.0,1.5,3.7529002321684164,0
0.0,1.5,4.776557750075691,0
0.0,1.5,4.655869576660887,0
0.0,1.5,5.582873267943983,0
0.0,1.5,4.483388399266478,0
0.0,1.5,3.2006084651924898,0
0.0,1.5,3.033838229503836,0
0.0,1.5,0.8024818903792477,0
0.0,0.0,1.7288813454872476,0
0.0,0.0,0.0,0
0.0,0.0,1.4316391335819114,0
0.0,0.0,0.8429602337361131,0
1.5,0.0,0.3435535715112341,0
1.5,0.0,0.8476400928193546,0
1.5,0.0,1.2748501212780352,0
1.5,0.0,1.7337193533137631,0
1.5,0.0,2.348611357807725,0
0.0,0.0,0.9632987604589414,0
1.5,0.0,2.2265341276620365,0
0.0,0.0,1.9219986734633112,0
0.0,0.0,2.7079339576875925,0
0.0,0.0,3.717301930725465,0
0.0,0.0,3.6449576466354046,0
0.0,0.0,2.7413033722353424,0
0.0,1.5,5.220805115893256,0
0.0,1.5,5.935629805623564,0
0.0,1.5,5.315261573138384,0
0.0,1.5,5.082173399680736,0
0.0,1.5,3.9774829490768386,0
0.0,1.5,3.164016866158879,0
0.0,1.5,3.3147123827565426,0
0.0,1.5,1.402638499725481,0
0.0,0.0,0.5592876990086251,0
0.0,0.0,0.08827425136755584,0
0.0,0.0,1.761079681189701,0
1.5,0.0,1.0695119312330081,0
1.5,0.0,0.0,0
1.5,0.0,0.9212256619037256,0
1.5,0.0,1.180831948974101,0
1.5,0.0,1.3190441056610644,0
1.5,0.0,2.0234014691592126,0
1.5,0.0,2.6320930320943554,0
1.5,0.0,1.0506323822548784,0
0.0,0.0,2.9937995542398284,0
0.0,0.0,3.708052061514847,0
1.5,0.0,2.9704347334342125,0
0.0,0.0,3.354422114272054,0
0.0,1.5,4.506017977065689,0
0.0,1.5,4.183356669186775,0
0.0,1.5,4.404214128608203,0
0.0,1.5,4.694039202551231,0
0.0,1.5,4.945532346421218,0
0.0,1.5,4.395934215451816,0
0.0,1.5,3.0027021401347014,0
0.0,0.0,2.955932036264473,0
0.0,0.0,1.3109122349958136,0
0.0,0.0,1.1982076430306852,0
0.0,0.0,0.03926154990311925,0
0.0,0.0,0.4040122354517739,0
0.0,0.0,1.316204581902394,0
0.0,0.0,0.0,0
1.5,0.0,0.1640340643830065,0
1.5,0.0,1.642026971271585,0
1.5,0.0,2.0717758299565947,0
1.5,0.0,0.732639105312739,0
1.5,0.0,2.4641136209406276,0
1.5,0.0,4.277432636097853,0
1.5,0.0,1.5993648015978288,0
1.5,0.0,3.8561540054568977,0
0.0,0.0,3.0081550891506286,0
0.0,0.0,4.836870725227586,0
0.0,0.0,3.6044113244608287,0
0.0,1.5,5.3283603240636355,0
0.0,1.5,5.338521753019636,0
0.0,1.5,4.781793859835715,0
0.0,1.5,4.478341874818236,0
0.0,1.5,3.6471262277559546,0
0.0,1.5,3.707211182565646,0
0.0,1.5,2.5845700045682563,0
0.0,0.0,0.6920211619021339,0
0.0,0.0,0.0,0
0.0,0.0,0.8560142062065017,0
0.0,0.0,0.1339564759149776,0
0.0,0.0,0.09414085695751018,0
1.5,0.0,0.0,0
1.5,0.0,0.0,0
1.5,0.0,0.8948888794147616,0
1.5,0.0,5.096859052588549,0
1.5,0.0,2.0394666146822087,0
1.5,0.0,2.1811557305852034,0
1.5,0.0,1.938369871063818,0
0.0,0.0,2.5720400807584527,0
0.0,0.0,3.3265604738725534,0
0.0,0.0,3.85689456196166,0
0.0,0.0,6.151748877004964,0
0.0,0.0,3.6661623971128336,0
0.0,1.5,3.612499404010945,0
0.0,1.5,4.704448124594096,0
0.0,1.5,5.682058460972132,0
0.0,1.5,4.74514275155242,0
0.0,1.5,2.641819318898791,0
0.0,1.5,2.766255342581308,0
0.0,1.5,2.8564827478222874,0
0.0,0.0,1.2225318645716186,0
0.0,0.0,0.8267947299649001,0
0.0,0.0,0.07835929551432796,0
0.0,0.0,0.0,0
1.5,0.0,0.0,0
1.5,0.0,0.0,0
1.5,0.0,0.0,0
1.5,0.0,0.37264000758645954,0
1.5,0.0,1.5808118518108691,0
1.5,0.0,1.6006700243057104,0
1.5,0.0,1.9233126395827878,0
1.5,0.0,1.924397327863392,0
1.5,0.0,1.6088291504592354,0
0.0,0.0,2.1280457137149456,0
0.0,0.0,1.591494745128915,0
0.0,1.5,1.9794414168042374,0
0.0,1.5,4.1786907127209965,0
0.0,1.5,4.774801837559696,0
0.0,1.5,2.744242303714354,0
0.0,1.5,3.6333017492264768,0
0.0,1.5,4.262000964655561,0
0.0,1.5,3.4021831897226447,0
0.0,1.5,1.54914337685126,0
0.0,1.5,1.2469071474192708,0
0.0,0.0,1.0334334640393958,0
0.0,0.0,0.0,0
0.0,0.0,0.0,0
0.0,0.0,0.0,0
1.5,0.0,0.0,0
1.5,0.0,0.0,0
1.5,0.0,1.1378908651247328,0
1.5,0.0,0.633234390628318,0
1.5,0.0,1.4250774147136664,0
1.5,0.0,0.6686988685344635,0
1.5,0.0,1.8776248181115527,0
0.0,0.0,1.0365062388623585,0
0.0,0.0,2.902519371774405,0
0.0,0.0,2.506817993057714,0
0.0,0.0,3.091284120904022,0
0.0,0.0,3.2370230452139017,0
0.0,1.5,2.865934322190304,0
0.0,0.0,4.5185720547920685,0
0.0,0.0,4.094093449096796,0
0.0,1.5,4.873445602316483,0
0.0,1.5,4.016736883630678,0
0.0,1.5,2.8817009611067657,0
0.0,1.5,2.5533747572351224,0
0.0,1.5,1.8196048429342855,0
0.0,0.0,1.3121339744265965,0
0.0,0.0,0.18048659421265345,0
0.0,0.0,0.1242887859449846,0
0.0,0.0,0.0,0
1.5,0.0,0.0,0
1.5,0.0,0.0,0
1.5,0.0,0.0,0
1.5,0.0,2.0253874668453835,0
1.5,0.0,1.2073567186756518,0
1.5,0.0,1.5668251507066828,0
1.5,0.0,1.3833321779211887,0
1.5,0.0,2.449648743634924,0
0.0,0.0,1.2815475975244217,0
1.5,0.0,1.1330290129730796,0
0.0,0.0,1.871571642018293,0
0.0,0.0,2.8812195458293077,0
0.0,0.0,3.369284641047945,0
0.0,1.5,4.303690193640314,0
0.0,1.5,2.6230121555554917,0
0.0,1.5,3.7143413479184044,0
0.0,1.5,5.087456551503988,0
0.0,1.5,3.457341044607521,0
0.0,1.5,2.8683659001461708,0
0.0,1.5,1.4539189443912566,0
0.0,0.0,0.6788691870115291,0
0.0,0.0,0.0,0
0.0,0.0,0.0,0
0.0,0.0,0.09019635994024977,0
0.0,0.0,0.0,0
0.0,0.0,0.0,0
1.5,0.0,0.0,0
1.5,0.0,0.0,0
1.5,0.0,0.7322174977992626,0
1.5,0.0,0.9572970845329238,0
1.5,0.0,1.015704957183754,0
0.0,0.0,1.4450814760929402,0
1.5,0.0,1.9460896097846274,0
0.0,0.0,2.3678996041742266,0
0.0,0.0,2.2781675425108783,0
0.0,0.0,3.0374681699383816,0
0.0,1.5,1.765507938623708,0
0.0,0.0,3.343544280672127,0
0.0,1.5,4.3260079506896645,0
0.0,1.5,3.825155097880338,0
0.0,1.5,3.8807027114145747,0
0.0,1.5,2.98193957034014,0
0.0,1.5,3.6157773839611322,0
0.0,0.0,2.7095618297001094,0
0.0,0.0,0.0,0
0.0,0.0,0.2707113189698811,0
0.0,0.0,0.0,0
0.0,0.0,0.0,0
0.0,0.0,0.0,0
0.0,0.0,0.25235018573048884,0
1.5,0.0,0.0,0
0.0,0.0,1.0928866510374937,0
1.5,0.0,0.334173302288292,0
1.5,0.0,0.1688718322384677,0
1.5,0.0,2.372794712333679,0
0.0,0.0,0.9097867386518064,0
1.5,0.0,2.064855475398472,0
0.0,0.0,1.4764594201444707,0
0.0,0.0,1.7909034905531134,0
0.0,0.0,2.1316633614521687,0
0.0,1.5,3.034631120853533,0
0.0,1.5,4.135201535455714,0
0.0,1.5,3.7438597527970026,0
0.0,1.5,4.394274359382337,0
0.0,1.5,3.618490661857568,0
0.0,1.5,3.1232117578573106,0
0.0,0.0,1.6816888569168413,0
0.0,0.0,1.8410228118578646,0
0.0,1.5,0.0,0
0.0,0.0,1.5225222881553977,0
0.0,0.0,0.7935913496955489,0
0.0,0.0,0.0,0
0.0,0.0,0.15012227888483887,0
1.5,0.0,0.0,0
1.5,0.0,0.21584888095944965,0
1.5,0.0,0.010894184827737519,0
1.5,0.0,1.917841642609504,0
1.5,0.0,0.7366244795829711,0
1.5,0.0,1.3442194048966374,0
1.5,0.0,0.5366301267366329,0
0.0,0.0,2.036649623717916,0
0.0,0.0,3.353639015670813,0
0.0,0.0,2.5687086127006014,0
0.0,0.0,2.456133211661112,0
0.0,1.5,4.943347435317565,0
0.0,1.5,8.133520576761525,0
0.0,1.5,3.5468539296400916,0
0.0,1.5,4.077388722773849,0
0.0,1.5,3.494378456754122,0
0.0,1.5,2.691539611174008,0
0.0,1.5,3.039621990638603,0
0.0,1.5,1.6963634757216308,0
0.0,1.5,0.46093225440210017,0
0.0,0.0,0.0,0
0.0,0.0,0.0,0
0.0,0.0,0.0,0
0.0,0.0,0.0,0
1.5,0.0,0.3511038291231525,0
1.5,0.0,0.04942994360245656,0
1.5,0.0,0.8892911375822441,0
1.5,0.0,1.5323579840644659,0
1.5,0.0,1.301243324988596,0
1.5,0.0,2.075843877743152,0
1.5,0.0,1.9459149987525945,0
1.5,0.0,3.3844042565838417,0
0.0,0.0,2.5806756897482295,0
0.0,0.0,3.58801566600651,0
0.0,0.0,3.781327838360472,0
0.0,0.0,3.1107025269729585,0
0.0,1.5,4.5475297403746,0
0.0,1.5,4.795143466666795,0
0.0,1.5,4.74834344319245,0
0.0,1.5,3.750711610244637,0
0.0,1.5,3.9369269962109605,0
0.0,1.5,2.6509593007617562,0
0.0,1.5,3.122104108305428,0
0.0,0.0,0.510650177250235,0
0.0,1.5,1.1497843013262243,0
0.0,0.0,0.41171952106125964,0
0.0,0.0,0.0,0
1.5,0.0,0.0,0
0.0,0.0,0.0,0
1.5,0.0,0.6987247388129201,0
1.5,0.0,1.3198507773503165,0
1.5,0.0,1.291016761430037,0
1.5,0.0,1.0963257523235248,0
1.5,0.0,1.6521036520933448,0
1.5,0.0,2.3877867908761474,0
1.5,0.0,2.892600921882262,0
0.0,0.0,1.96428971119976,0
0.0,0.0,2.6944374939031444,0
0.0,0.0,4.826591394570253,0
0.0,1.5,4.570866369790052,0
0.0,1.5,3.835387323011084,0
0.0,1.5,5.0919509674331245,0
0.0,1.5,4.745082092705461,0
0.0,1.5,4.126232862527642,0
0.0,1.5,3.6645424211743958,0
0.0,1.5,3.6014979768156254,0
0.0,1.5,3.0939946892795396,0
0.0,0.0,0.15962502969651093,0
0.0,0.0,1.3720062278638436,0
0.0,0.0,0.02142726392824179,0
0.0,0.0,0.0,0
1.5,0.0,0.0,0
1.5,0.0,0.0,0
1.5,0.0,1.0732223101139207,0
1.5,0.0,1.4312594449447875,0
1.5,0.0,3.922638342808551,0
1.5,0.0,2.28560887901019,0
1.5,0.0,2.4396318033888944,0
1.5,0.0,1.603042266392133,0
0.0,0.0,3.2467863284938145,0
0.0,0.0,2.9209883636180685,0
0.0,0.0,2.9747985473437,0
0.0,0.0,3.942875755172845,0
0.0,0.0,4.1070842149095785,0
0.0,1.5,2.9211590701802708,0
0.0,1.5,4.5494737517656345,0
0.0,1.5,3.2684488423937688,0
0.0,1.5,4.433376722901655,0
0.0,1.5,6.456871834544942,0
0.0,1.5,2.7861705969134265,0
0.0,1.5,1.774694449947643,0
0.0,0.0,2.157406155931542,0
0.0,0.0,1.2595935613439213,0
0.0,1.5,0.13435207656290804,0
0.0,0.0,0.020202698131971175,0
1.5,0.0,0.7996455818883264,0
1.5,0.0,0.0,0
1.5,0.0,0.7258641705158964,0
1.5,0.0,0.9379874967462376,0
1.5,0.0,1.4084850169482501,0
1.5,0.0,1.8142310109011506,0
1.5,0.0,2.0355268847473207,0
0.0,0.0,2.4615003036258587,0
0.0,0.0,1.5971972035477142,0
0.0,0.0,3.0876070841742562,0
0.0,0.0,2.137906153341477,0
0.0,0.0,4.6210514272866,0
0.0,1.5,4.434723265678421,0
0.0,1.5,5.961705672780936,0
0.0,1.5,4.712446866078696,0
0.0,1.5,4.902698493440292,0
0.0,1.5,3.4519105843705944,0
0.0,1.5,3.6836544666784925,0
0.0,1.5,3.1799628830379327,0
0.0,1.5,1.563435418209255,0
0.0,1.5,2.743109416082685,0
0.0,0.0,3.3773649204757246,0
0.0,0.0,0.0,0
1.5,0.0,0.8272912737962985,0
0.0,0.0,0.4977082116414375,0
0.0,0.0,0.7561723410988861,0
1.5,0.0,1.8059725976159036,0
1.5,0.0,1.6926870752898795,0
1.5,0.0,1.1943392998983213,0
1.5,0.0,1.4136552493235477,0
1.5,0.0,1.467696159777583,0
0.0,0.0,3.2740950506269817,0
1.5,0.0,2.9724951704851788,0
0.0,0.0,2.2966423457565464,0
0.0,0.0,3.7252544360191697,0
0.0,0.0,3.7373337982609733,0
0.0,1.5,3.9463153961846893,0
0.0,1.5,4.824423301888431,0
0.0,1.5,4.958075981914053,0
0.0,1.5,3.4611608655582025,0
0.0,1.5,3.950603298829824,0
0.0,1.5,5.314172388495516,0
0.0,1.5,3.331069428546954,0
0.0,1.5,2.8015642377699645,0
0.0,0.0,1.2486900411788642,0
0.0,0.0,1.713702806802772,0
0.0,0.0,0.49490210795799383,0
0.0,0.0,0.8936888321620147,0
1.5,0.0,0.35994046249568945,0
1.5,0.0,0.7157075470660132,0
1.5,0.0,0.47533586844891396,0
1.5,0.0,0.0,0
1.5,0.0,1.9891000889638524,0
1.5,0.0,1.56515282111501,0
1.5,0.0,2.2982275816781996,0
1.5,0.0,2.10433322050981,0
0.0,0.0,2.179726762611664,0
0.0,0.0,1.9111670614381828,0
0.0,0.0,3.758765270056498,0
0.0,0.0,3.11858879509549,0
0.0,0.0,4.257064504990499,0
0.0,1.5,4.492722165904963,0
0.0,1.5,3.405766940838163,0
0.0,1.5,5.544434845234741,0
0.0,1.5,4.086701343723669,0
0.0,1.5,3.882567664604146,0
0.0,1.5,4.664933278422065,0
0.0,1.5,1.1795922774410832,0
0.0,1.5,1.1443836619747652,0
0.0,0.0,0.9004065051317327,0
0.0,0.0,1.1147717041809966,0
0.0,0.0,0.7173286576441724,0
0.0,0.0,0.06351044322383359,0
1.5,0.0,0.0,0
0.0,0.0,0.20447294028257734,0
1.5,0.0,0.39855361033343417,0
1.5,0.0,2.4110785932913488,0
1.5,0.0,1.297441809881699,0
1.5,0.0,2.3345843862953,0
1.5,0.0,2.298668478520647,0
1.5,0.0,3.0526155269859157,0
1.5,0.0,3.1260517040637574,0
0.0,0.0,3.480989677072406,0
0.0,0.0,3.304724660666607,0
0.0,1.5,4.409266516021693,0
0.0,1.5,3.645113547398273,0
0.0,1.5,4.376328861620647,0
0.0,1.5,4.854425866593086,0
0.0,1.5,5.01523797608086,0
0.0,1.5,3.6171858082245656,0
0.0,1.5,2.014571223731642,0
0.0,1.5,1.37334113736068,0
0.0,1.5,0.5346667900479776,0
0.0,0.0,0.3717359929333368,0
0.0,0.0,0.3284781777615686,0
0.0,0.0,0.0,0
0.0,0.0,0.0,0
1.5,0.0,0.11906270755310855,0
1.5,0.0,0.0,0
1.5,0.0,1.130214262005956,0
1.5,0.0,1.118388478095265,0
1.5,0.0,1.2667047283045814,0
1.5,0.0,1.6394734987412578,0
1.5,0.0,0.8687916635805837,0
1.5,0.0,2.5646878477683184,0
0.0,0.0,2.5696753158906707,0
0.0,0.0,1.6257375525817874,0
0.0,1.5,3.614405737217472,0
0.0,1.5,4.236031944720192,0
0.0,1.5,3.831416008190704,0
0.0,1.5,4.062568288589865,0
0.0,1.5,4.648425281884653,0
0.0,1.5,5.1132886019231965,0
0.0,1.5,4.686367472124001,0
0.0,1.5,1.096124762722769,0
0.0,1.5,0.5390851580708458,0
0.0,1.5,0.4418168643854026,0
0.0,0.0,1.1296309515589051,0
0.0,0.0,0.28496378786458987,0
0.0,0.0,0.0,0
0.0,0.0,0.0,0
1.5,0.0,0.0,0
1.5,0.0,0.0,0
1.5,0.0,0.0,0
1.5,0.0,1.0754706911176202,0
1.5,0.0,1.5488418540760183,0
1.5,0.0,1.343999204346428,0
1.5,0.0,2.5178032779579773,0
1.5,0.0,1.7921964024654184,0
0.0,0.0,2.1934661331172984,0
0.0,0.0,3.038247494297538,0
0.0,0.0,3.549755972164243,0
0.0,1.5,2.2526311615672125,0
0.0,1.5,2.9667139557504165,0
0.0,0.0,3.352774583080016,0
0.0,1.5,4.150934886217621,0
0.0,1.5,3.6654091111015266,0
0.0,1.5,2.8598644966333926,0
0.0,1.5,2.7549802046408502,0
0.0,1.5,0.8864210222239612,0
0.0,0.0,1.4776533371306932,0
0.0,1.5,0.0,0
0.0,0.0,0.0,0
0.0,0.0,0.0,0
0.0,0.0,0.38374593261418743,0
0.0,0.0,0.0,0
1.5,0.0,0.8561135239681636,0
1.5,0.0,0.6399341605350028,0
1.5,0.0,1.4494061840379522,0
1.5,0.0,1.11611425179915,0
1.5,0.0,0.0,0
1.5,0.0,1.0502285235770201,0
1.5,0.0,1.2526769062559273,0
0.0,0.0,2.6073568939046243,0
0.0,0.0,3.3110835459082777,0
0.0,1.5,3.4492626854640163,0
0.0,1.5,3.47584343615528,0
0.0,1.5,3.684087115136414,0
0.0,1.5,4.161273089055709,0
0.0,1.5,4.189031806603889,0
0.0,1.5,3.753616056916729,0
0.0,1.5,3.6736111171651924,0
0.0,1.5,1.7716891621507487,0
0.0,1.5,4.81829002100516,0
0.0,1.5,0.6188906356527784,0
0.0,0.0,0.0,0
0.0,0.0,0.0,0
1.5,0.0,0.0,0
0.0,0.0,0.0,0
1.5,0.0,0.0,0
1.5,0.0,0.0,0
1.5,0.0,0.27590007663393523,0
1.5,0.0,0.6343651682266112,0
1.5,0.0,1.1350661312757375,0
1.5,0.0,1.380055915179243,0
1.5,0.0,0.8674119740746162,0
0.0,0.0,1.2078662059864214,0
0.0,0.0,2.156021637979454,0
0.0,0.0,2.185134079715461,0
0.0,1.5,2.4386753319298293,0
0.0,0.0,3.2990537567771976,0
0.0,1.5,2.0131267340200485,0
0.0,1.5,3.0938905498373903,0
0.0,1.5,4.335540024009669,0
0.0,1.5,4.0351150067766515,0
0.0,1.5,3.2160413256648916,0
0.0,1.5,2.028173434759824,0
0.0,0.0,1.0808948186814917,0
0.0,0.0,0.3301381977090485,0
0.0,0.0,0.0,0
0.0,0.0,3.063796415500246,0
1.5,0.0,0.0,0
1.5,0.0,0.0,0
1.5,0.0,0.33088464208023316,0
1.5,0.0,0.0,0
1.5,0.0,0.31307622331787943,0
1.5,0.0,1.3611147598707949,0
1.5,0.0,1.1838708496064072,0
1.5,0.0,1.5644900009089229,0
1.5,0.0,1.3410619436087279,0
1.5,0.0,1.462083846652059,0
0.0,0.0,2.4089806146173247,0
0.0,0.0,3.497073579984073,0
0.0,1.5,2.825442505685084,0
0.0,0.0,3.3168503912013994,0
0.0,1.5,3.8824706618099283,0
0.0,1.5,3.4226519531999506,0
0.0,1.5,3.7659361926733625,0
0.0,0.0,3.615303138124136,0
0.0,1.5,3.1161864711752294,0
0.0,1.5,1.973281661568853,0
0.0,0.0,1.0122290028950975,0
0.0,1.5,0.4972201511962737,0
0.0,0.0,0.0,0
0.0,0.0,3.2911822395642907,0
0.0,0.0,0.0,0
1.5,0.0,0.0,0
1.5,0.0,0.0,0
1.5,0.0,0.0,0
1.5,0.0,0.5941700580206286,0
1.5,0.0,0.1324041969580385,0
1.5,0.0,2.2869928659385286,0
1.5,0.0,1.5914641059246244,0
0.0,0.0,2.3016049414319486,0
1.5,0.0,2.271410244212379,0
1.5,0.0,2.028354744202211,0
0.0,0.0,2.1454086815703395,0
0.0,1.5,3.289429746581087,0
0.0,0.0,3.5340981169589014,0
0.0,0.0,3.7582088586312654,0
0.0,1.5,5.0903175854245335,0
0.0,1.5,5.127505767390383,0
0.0,1.5,5.656440706208965,0
0.0,1.5,2.812823248682362,0
0.0,1.5,2.3812747313920117,0
0.0,1.5,1.6957225551997241,0
0.0,1.5,1.8433906319602023,0
0.0,0.0,0.3574788004314331,0
0.0,0.0,0.32908061641313413,0
0.0,0.0,0.09476053827365472,0
0.0,0.0,0.0,0
0.0,0.0,0.0,0
1.5,0.0,0.6529851580110031,0
1.5,0.0,0.3169603787607955,0
1.5,0.0,0.0,0
1.5,0.0,2.1889743113868283,0
1.5,0.0,2.3980182399339265,0
1.5,0.0,1.933561747905627,0
1.5,0.0,1.4626228810787212,0
0.0,0.0,2.993270268321923,0
0.0,0.0,2.7071992151444086,0
0.0,0.0,3.3898394737770996,0
0.0,0.0,4.007671694568237,0
0.0,1.5,4.043051923233822,0
0.0,1.5,4.714511741409522,0
0.0,1.5,4.876284555958238,0
0.0,1.5,5.144205939934195,0
0.0,1.5,4.786338159421167,0
0.0,1.5,3.001201130853632,0
0.0,1.5,2.9013074862625463,0
0.0,0.0,0.3860932147643781,0
0.0,0.0,1.2924755792093148,0
0.0,0.0,2.222143505530017,0
0.0,0.0,0.6186605577729094,0
1.5,0.0,0.0,0
1.5,0.0,0.0,0
1.5,0.0,1.3937027891207356,0
1.5,0.0,0.6131772902718104,0
1.5,0.0,2.279183822649444,0
1.5,0.0,2.262567999386179,0
1.5,0.0,3.7516035944412565,0
1.5,0.0,2.3870029434735844,0
0.0,0.0,1.7223933019993807,0
0.0,0.0,2.3258858907337796,0
0.0,0.0,3.0916121063736712,0
0.0,0.0,2.44195857981055,0
0.0,0.0,3.629600366767188,0
0.0,1.5,3.4437184687561375,0
0.0,1.5,5.685582562121605,0
0.0,1.5,6.4232062336338345,0
0.0,1.5,4.386120656450751,0
0.0,1.5,5.159649149399073,0
0.0,1.5,3.0102847352607682,0
0.0,1.5,1.8705256747447454,0
0.0,0.0,1.8430128039168057,0
0.0,0.0,0.8654870357898019,0
0.0,0.0,1.2208292061883728,0
0.0,0.0,0.0,0
1.5,0.0,0.0,0
1.5,0.0,0.07884352008699458,0
1.5,0.0,0.4508804391182428,0
1.5,0.0,1.4622408058103855,0
1.5,0.0,3.053056380104402,0
1.5,0.0,3.1975213127941764,0
0.0,0.0,2.785084517655232,0
1.5,0.0,2.2280701509534993,0
0.0,0.0,3.4001712497514873,0
0.0,0.0,3.3492665627045937,0
0.0,0.0,3.4433805734349727,0
0.0,0.0,4.271184910528415,0
0.0,0.0,4.599006440836071,0
0.0,0.0,3.7875475088545745,0
0.0,1.5,5.4588340543537575,0
0.0,1.5,5.770513790211172,0
0.0,1.5,5.521133102918995,0
0.0,1.5,4.196632955804491,0
0.0,1.5,3.613444255467491,0
0.0,1.5,2.6650889991487574,0
0.0,0.0,1.566268858888978,0
0.0,0.0,0.8185740799345276,0
0.0,0.0,0.20212130306045295,0
0.0,0.0,0.0,0
1.5,0.0,0.0,0
1.5,0.0,0.0,0
0.0,0.0,0.0,0
1.5,0.0,1.0615146829769497,0
1.5,0.0,3.726963448174984,0
1.5,0.0,2.1526100528357714,0
1.5,0.0,1.9059907444859003,0
1.5,0.0,2.0450744972697334,0
1.5,0.0,6.072904284376013,0
0.0,0.0,2.798304835646774,0
0.0,0.0,3.50698165585879,0
0.0,0.0,4.488873682063365,0
0.0,0.0,2.9469003782562404,0
0.0,0.0,5.655178355525775,0
0.0,1.5,4.766120171161738,0
0.0,1.5,5.061200356752526,0
0.0,1.5,5.4714319304637895,0
0.0,1.5,3.7198175288702813,0
0.0,1.5,2.30464874783292,0
0.0,0.0,3.0322742324248857,0
0.0,0.0,0.1759870303535691,0
0.0,0.0,0.38605365972094363,0
0.0,0.0,1.2353911085514582,0
0.0,0.0,0.03231221265937467,0
1.5,0.0,0.9934984982011337,0
1.5,0.0,0.0,0
1.5,0.0,0.28603814427703966,0
1.5,0.0,1.4787024955840635,0
1.5,0.0,2.1482837464615807,0
0.0,0.0,2.166908293218543,0
1.5,0.0,2.21387837704178,0
1.5,0.0,2.270552462633832,0
1.5,0.0,1.6873489157250519,0
0.0,0.0,3.127856182537077,0
0.0,0.0,3.2596130749379126,0
0.0,1.5,3.861828907143642,0
0.0,0.0,2.950622654786204,0
0.0,1.5,5.10437395036565,0
0.0,1.5,3.3408722235249684,0
0.0,1.5,5.457915186313677,0
0.0,1.5,4.98038732972854,0
0.0,1.5,3.08315919848054,0
0.0,1.5,3.547232914102643,0
0.0,1.5,2.106556912649506,0
0.0,1.5,0.8581698543061056,0
0.0,0.0,0.0,0
0.0,0.0,1.282430082260469,0
0.0,0.0,0.5471589023924226,0
1.5,0.0,0.24060171360290172,0
0.0,0.0,0.3783613634106282,0
1.5,0.0,0.6846282916522042,0
1.5,0.0,2.555540599517363,0
1.5,0.0,1.3921778853116018,0
1.5,0.0,0.8928793106823296,0
1.5,0.0,2.6739378834538603,0
1.5,0.0,1.5510663998660426,0
0.0,0.0,2.494366262804742,0
0.0,0.0,2.8297867759718405,0
0.0,0.0,3.888403591999496,0
0.0,0.0,3.184538975041346,0
0.0,1.5,3.629802239907923,0
0.0,1.5,3.514790917877512,0
0.0,0.0,4.089049448104789,0
0.0,1.5,5.88178836421709,0
0.0,1.5,5.185642539743246,0
0.0,1.5,3.2772481226755295,0
0.0,1.5,2.4613665588427613,0
0.0,1.5,2.658567824366956,0
0.0,0.0,2.0478094016585477,0
0.0,0.0,0.0,0
0.0,0.0,0.4914668147776595,0
0.0,0.0,0.0,0
0.0,0.0,0.0,0
1.5,0.0,0.0,0
1.5,0.0,0.08104768295036968,0
1.5,0.0,1.3353795087034734,0
1.5,0.0,0.9077510672785545,0
1.5,0.0,0.7891587269105567,0
1.5,0.0,1.946309204029571,0
1.5,0.0,1.8563336396139747,0
1.5,0.0,1.72831775858113,0
1.5,0.0,2.418533992138226,0
0.0,0.0,3.2657935830597307,0
0.0,0.0,4.017965361404864,0
0.0,1.5,4.141824332457688,0
0.0,1.5,4.565754655980025,0
0.0,1.5,4.293018080038491,0
0.0,1.5,3.226623425993524,0
0.0,1.5,4.3574987708187685,0
0.0,1.5,5.715010584336033,0
0.0,1.5,3.0051040873224664,0
0.0,0.0,3.5043385890245746,0
0.0,0.0,0.6365015526427547,0
0.0,1.5,0.26050065483518026,0
0.0,0.0,0.0,0
0.0,0.0,0.0,0
1.5,0.0,0.8654510228975125,0
1.5,0.0,0.0,0
1.5,0.0,0.0,0
1.5,0.0,0.8134974864764768,0
1.5,0.0,0.9691478389998913,0
1.5,0.0,0.30951149384566,0
1.5,0.0,1.2343540217399345,0
1.5,0.0,1.4046858456504863,0
1.5,0.0,1.784876385451633,0
0.0,0.0,2.023649538666,0
0.0,0.0,2.777657683700761,0
0.0,0.0,2.6606698360660395,0
0.0,1.5,3.9430928619346695,0
0.0,1.5,3.68336146796922,0
0.0,1.5,4.897096282460539,0
0.0,1.5,4.82305768321615,0
0.0,1.5,4.2603331149428385,0
0.0,1.5,3.479116029131073,0
0.0,1.5,2.2569696929011838,0
0.0,0.0,1.6995124499712846,0
0.0,1.5,0.6502759516108809,0
0.0,0.0,0.3110583917680194,0
0.0,0.0,0.0,0
0.0,0.0,0.9628838870824135,0
0.0,0.0,0.0,0
1.5,0.0,0.0,0
1.5,0.0,0.0,0
1.5,0.0,1.2172896097065582,0
1.5,0.0,0.0,0
1.5,0.0,1.7197356413594016,0
1.5,0.0,0.6775514124657529,0
1.5,0.0,1.6566513763345063,0
1.5,0.0,2.064388051617373,0
1.5,0.0,2.85360833782986,0
0.0,0.0,2.926316633934891,0
0.0,0.0,3.30940425414143,0
0.0,1.5,3.2473334487880163,0
0.0,1.5,4.3715042160923145,0
0.0,1.5,2.767221082067396,0
0.0,1.5,4.5807484807192065,0
0.0,1.5,3.921483939541573,0
0.0,1.5,1.8272913948919678,0
0.0,1.5,2.1975621587776937,0
0.0,1.5,0.6871179273646812,0
0.0,0.0,0.9256097960870551,0
0.0,0.0,0.0,0
0.0,0.0,0.06200511260322861,0
0.0,0.0,0.0,0
0.0,0.0,0.0,0
0.0,0.0,0.0,0
1.5,0.0,0.790124771964503,0
1.5,0.0,0.3230612491842666,0
1.5,0.0,0.5309296445311551,0
1.5,0.0,0.610143516923805,0
1.5,0.0,2.1134298469400097,0
1.5,0.0,1.4944311519654465,0
0.0,0.0,2.1260174140272716,0
0.0,0.0,2.7280804579284355,0
0.0,0.0,3.007215002348225,0
0.0,0.0,2.9449203869159915,0
0.0,1.5,3.923495593214444,0
0.0,1.5,3.251284786349376,0
0.0,1.5,4.543940032896868,0
0.0,1.5,3.882260728792335,0
0.0,1.5,4.621453671560698,0
0.0,1.5,2.4181005631906625,0
0.0,1.5,2.0084492134225695,0
0.0,1.5,1.6293598033031773,0
0.0,0.0,0.0,0
0.0,0.0,0.5897037549005422,0
0.0,0.0,0.2481226485408694,0
0.0,0.0,0.0,0
0.0,0.0,0.0,0
1.5,0.0,0.0,0
1.5,0.0,0.4565495340874559,0
1.5,0.0,0.6112219710107558,0
1.5,0.0,1.3268655210754798,0
1.5,0.0,1.6301209285696054,0
0.0,0.0,1.4614730929547588,0
1.5,0.0,1.6522976732088313,0
0.0,0.0,1.343739994748809,0
0.0,0.0,2.165454491925775,0
0.0,0.0,1.7091565090701786,0
0.0,0.0,3.6382799617393378,0
0.0,1.5,3.1239946688516973,0
0.0,1.5,4.078038150226211,0
0.0,1.5,2.7075466854070385,0
0.0,1.5,3.648639715935576,0
0.0,1.5,4.116574811503812,0
0.0,1.5,2.9511164638464877,0
0.0,1.5,2.674213183663101,0
0.0,0.0,0.7531459814869113,0
0.0,1.5,1.690353319945404,0
0.0,0.0,0.800978196348558,0
0.0,0.0,0.0,0
0.0,0.0,0.0,0
0.0,0.0,0.0,0
1.5,0.0,0.0,0
1.5,0.0,0.0,0
1.5,0.0,1.223123673981183,0
1.5,0.0,1.8629676849488939,0
1.5,0.0,1.1826024431213313,0
1.5,0.0,2.257783612432914,0
1.5,0.0,2.291163992647258,0
1.5,0.0,1.8345417179288206,0
0.0,0.0,2.6220607097323088,0
0.0,0.0,2.8525269639139106,0
0.0,0.0,4.09407789566201,0
0.0,0.0,3.695726110642812,0
0.0,1.5,3.1716924232640253,0
0.0,1.5,4.394270187385614,0
0.0,1.5,3.8516055209475644,0
0.0,1.5,3.8503509460806162,0
0.0,1.5,3.8916070978810895,0
0.0,1.5,2.3324735688223974,0
0.0,1.5,1.3889951321494913,0
0.0,0.0,0.9523898113480587,0
0.0,1.5,0.0,0
0.0,0.0,0.0,0
0.0,0.0,0.0598123769071468,0
0.0,0.0,0.0,0
1.5,0.0,0.35174513838357235,0
1.5,0.0,0.0,0
1.5,0.0,0.0,0
1.5,0.0,1.0712928331870253,0
1.5,0.0,1.4941430812885748,0
1.5,0.0,1.756311466430856,0
1.5,0.0,0.603276995922521,0
0.0,0.0,2.5627350397213426,0
0.0,0.0,3.850780430463902,0
0.0,0.0,3.570891717839101,0
0.0,0.0,3.122561039709045,0
0.0,0.0,2.5200759174692617,0
0.0,0.0,4.350850595243999,0
0.0,1.5,4.8172023412226,0
0.0,1.5,4.70140209008592,0
0.0,1.5,4.3386261619952435,0
0.0,1.5,4.365369244066331,0
0.0,1.5,3.0563884206962255,0
0.0,1.5,2.8143877314258714,0
0.0,0.0,1.7884872083616612,0
0.0,0.0,1.318965522479421,0
0.0,0.0,0.0,0
0.0,0.0,0.0,0
1.5,0.0,0.0,0
0.0,0.0,0.0,0
1.5,0.0,0.0,0
1.5,0.0,0.8648372599459901,0
1.5,0.0,0.9183438938046518,0
1.5,0.0,1.5837410390451119,0
1.5,0.0,2.5331685057973017,0
1.5,0.0,2.563007101424346,0
1.5,0.0,2.086322464283995,0
0.0,0.0,2.1919659682372874,0
0.0,0.0,3.4015961551031264,0
0.0,0.0,3.222929556480371,0
0.0,0.0,4.469705764663883,0
0.0,0.0,4.628574003315027,0
0.0,1.5,4.75162351266089,0
0.0,1.5,5.438764660582974,0
0.0,1.5,4.314571072163392,0
0.0,1.5,2.940094177639704,0
0.0,1.5,3.2461014703044713,0
0.0,0.0,2.242529055988131,0
0.0,0.0,1.3883197156944713,0
0.0,1.5,0.992664812017563,0
0.0,0.0,1.4586772169586342,0
0.0,0.0,0.0,0
1.5,0.0,1.5425951434008756,0
1.5,0.0,0.04292305485207004,0
1.5,0.0,0.0,0
1.5,0.0,1.0586210216781846,0
1.5,0.0,1.7771912183131378,0
1.5,0.0,3.075948238517277,0
1.5,0.0,1.3312861307905335,0
0.0,0.0,2.8159766081429822,0
1.5,0.0,1.9367060670015233,0
0.0,0.0,2.480027824567837,0
0.0,0.0,3.7828530577593504,0
0.0,0.0,3.3508548172910126,0
0.0,0.0,3.56309616885444,0
0.0,1.5,4.839766200198952,0
0.0,1.5,4.296326161489764,0
0.0,1.5,5.147183104123142,0
0.0,1.5,4.179474604550044,0
0.0,1.5,3.0624420101142427,0
0.0,1.5,2.736616328045887,0
0.0,1.5,2.2742447232686303,0
0.0,1.5,1.8692512170583677,0
0.0,0.0,1.0163733971029911,0
0.0,0.0,1.067806875932328,0
0.0,0.0,0.7211126676886508,0
0.0,0.0,0.0,0
1.5,0.0,1.1657984995422142,0
1.5,0.0,0.0,0
1.5,0.0,1.4068971167189979,0
1.5,0.0,1.3342898723455354,0
1.5,0.0,1.2778470545518046,0
1.5,0.0,2.282260270193812,0
1.5,0.0,4.124151283892721,0
1.5,0.0,3.383487638836801,0
1.5,0.0,3.195735636300766,0
0.0,0.0,3.739159014033262,0
0.0,1.5,4.193362068002321,0
0.0,0.0,4.6171464431326115,0
0.0,1.5,5.021880548089893,0
0.0,0.0,5.717351352586962,0
0.0,1.5,5.739443137761609,0
0.0,1.5,5.946577442524391,0
0.0,1.5,2.41185637819,0
0.0,1.5,3.7419813330688685,0
0.0,1.5,2.5400147772121726,0
0.0,1.5,1.8444426304245138,0
0.0,0.0,0.0,0
0.0,0.0,0.0,0
0.0,0.0,0.33172356894876187,0
0.0,0.0,0.0,0
0.0,0.0,0.0,0
1.5,0.0,1.238300686998933,0
1.5,0.0,0.8034880460687257,0
1.5,0.0,1.776553541164735,0
1.5,0.0,1.595094875807511,0
1.5,0.0,1.6804071354233678,0
1.5,0.0,2.6158313632514467,0
1.5,0.0,2.615042776948821,0
1.5,0.0,1.6310647433103915,0
0.0,0.0,6.527756837907454,0
0.0,0.0,4.0548541389756805,0
0.0,0.0,4.506154935962243,0
0.0,1.5,4.990226197280306,0
0.0,1.5,5.430792236412744,0
0.0,1.5,5.564433059617787,0
0.0,1.5,5.686358823623632,0
0.0,1.5,4.564960578253263,0
0.0,1.5,2.410304847050945,0
0.0,1.5,1.838316536217743,0
0.0,1.5,1.1035720114246237,0
0.0,1.5,0.3472279988887397,0
0.0,0.0,0.09876329003763096,0
0.0,0.0,0.40905604168321674,0
0.0,0.0,0.0,0
1.5,0.0,0.0,0
1.5,0.0,0.0,0
1.5,0.0,1.3037075611144204,0
1.5,0.0,1.1140702131842697,0
1.5,0.0,0.9698285206606936,0
1.5,0.0,2.8227306511724257,0
1.5,0.0,2.2717851871512025,0
1.5,0.0,3.679818985978701,0
0.0,0.0,2.5069157583280495,0
0.0,0.0,2.9514902982174984,0
0.0,0.0,3.5599409997653506,0
0.0,0.0,4.429487821076482,0
0.0,1.5,3.787761903866162,0
0.0,1.5,4.960136935295877,0
0.0,1.5,4.9150793036549665,0
0.0,1.5,4.368784734753859,0
0.0,1.5,4.425441145274336,0
0.0,1.5,2.8370579429006018,0
0.0,1.5,2.6615573918951525,0
0.0,0.0,0.9640150352318886,0
0.0,0.0,0.5943960473590857,0
1.5,0.0,0.8290515096500573,0
0.0,0.0,0.0,0
0.0,0.0,0.47840448539760283,0
1.5,0.0,0.1902247816006477,0
1.5,0.0,0.7491130749303518,0
1.5,0.0,0.457144578460535,0
1.5,0.0,1.4605734400105852,0
1.5,0.0,1.637656276791569,0
1.5,0.0,2.3922292657153337,0
0.0,0.0,1.6678043668513522,0
1.5,0.0,2.222961918365711,0
0.0,0.0,2.6429263277467463,0
0.0,0.0,2.7809671490749093,0
0.0,1.5,3.299614905165417,0
0.0,1.5,3.4198712376050597,0
0.0,0.0,3.060865541521798,0
0.0,1.5,4.152874351578008,0
0.0,1.5,3.352538759718291,0
0.0,1.5,5.316185842232548,0
0.0,1.5,3.840149344310861,0
0.0,1.5,3.1104028542028996,0
0.0,0.0,1.249743546493097,0
0.0,1.5,0.5318805552241619,0
0.0,0.0,0.2755914153738892,0
0.0,0.0,0.0,0
0.0,0.0,0.0,0
0.0,0.0,0.0,0
1.5,0.0,0.23732728389777735,0
1.5,0.0,0.6350176056808157,0
1.5,0.0,0.8553106628902736,0
1.5,0.0,0.4597768125428767,0
1.5,0.0,0.0,0
1.5,0.0,0.7961538185682802,0
1.5,0.0,2.44559512930667,0
1.5,0.0,1.210569980643217,0
0.0,0.0,1.4500178885125363,0
0.0,0.0,3.2442019624423213,0
0.0,0.0,2.445769022121518,0
0.0,0.0,2.387727724321283,0
0.0,0.0,3.054498528671613,0
0.0,1.5,4.175142484459233,0
0.0,1.5,5.123139291850025,0
0.0,1.5,4.9599132930254735,0
0.0,1.5,2.7141326893713686,0
0.0,1.5,2.0771690606725413,0
0.0,1.5,1.948610941562782,0
0.0,0.0,0.5872764650130886,0
0.0,0.0,0.0,0
0.0,0.0,0.0,0
0.0,0.0,0.0,0
1.5,0.0,0.0,0
0.0,0.0,0.0,0
1.5,0.0,0.0,0
1.5,0.0,0.46924531518591683,0
1.5,0.0,0.5401973025136209,0
1.5,0.0,1.5364977785183975,0
1.5,0.0,0.5524872912750172,0
1.5,0.0,1.3513292053465271,0
0.0,0.0,0.5107883186522049,0
0.0,0.0,2.020095483566503,0
0.0,1.5,2.38671989352437,0
0.0,0.0,3.5171738296701895,0
0.0,0.0,4.4071408081573065,0
0.0,1.5,3.9417386171739452,0
0.0,1.5,3.6614791236519872,0
0.0,1.5,4.186988305586563,0
0.0,1.5,3.3851644988867045,0
0.0,1.5,3.86988202820948,0
0.0,0.0,2.4298172566452476,0
0.0,1.5,0.9088168209338612,0
0.0,0.0,0.0,0
0.0,0.0,1.3642399681510193,0
0.0,0.0,0.0,0
0.0,0.0,0.0,0
1.5,0.0,0.0,0
1.5,0.0,0.0,0
0.0,0.0,0.0,0
1.5,0.0,1.5951607063413253,0
1.5,0.0,1.5722421051590403,0
1.5,0.0,1.5862095921682395,0
1.5,0.0,1.5321326218403541,0
0.0,0.0,1.639006124884311,0
0.0,0.0,1.5060809315457178,0
0.0,0.0,1.9169609094908027,0
0.0,0.0,2.2566450000619707,0
0.0,0.0,2.634168635933724,0
0.0,1.5,3.5291527424236993,0
0.0,1.5,3.58634620980115,0
0.0,1.5,2.942558839819823,0
0.0,1.5,2.834056174936907,0
0.0,1.5,4.462389193987178,0
0.0,1.5,5.233523714529236,0
0.0,1.5,2.0990468992057294,0
0.0,1.5,1.0039868902254447,0
0.0,0.0,0.9797437739184831,0
0.0,0.0,0.0,0
0.0,0.0,0.0,0
0.0,0.0,0.0,0
0.0,0.0,0.0,0
1.5,0.0,0.0,0
1.5,0.0,0.0,0
1.5,0.0,0.3194441866019395,0
1.5,0.0,0.28270619670517805,0
1.5,0.0,0.7757192228215164,0
1.5,0.0,0.8297434168547593,0
1.5,0.0,1.328128070731962,0
1.5,0.0,2.470830801091055,0
0.0,0.0,2.884977589511621,0
0.0,0.0,1.4060819995740705,0
0.0,1.5,3.064949211980106,0
0.0,1.5,3.024638404462644,0
0.0,1.5,3.226887479420859,0
0.0,1.5,5.579935719590534,0
0.0,1.5,4.805095177639496,0
0.0,1.5,5.531729642793623,0
0.0,1.5,3.3174238132235736,0
0.0,1.5,2.858226275053403,0
0.0,1.5,1.336894063260928,0
0.0,1.5,0.9161760371722893,0
0.0,0.0,0.2308433546488069,0
0.0,0.0,0.0,0
0.0,0.0,0.0,0
1.5,0.0,0.0,0
1.5,0.0,0.1827197493643209,0
1.5,0.0,0.0,0
1.5,0.0,0.3446953169428961,0
1.5,0.0,0.21607995886626297,0
1.5,0.0,1.847887168597056,0
1.5,0.0,0.8343811171196691,0
1.5,0.0,0.8071986759341909,0
1.5,0.0,2.3516382600400867,0
0.0,0.0,2.8584006507020168,0
0.0,0.0,3.5243241395169536,0
0.0,1.5,4.106984980170204,0
0.0,1.5,3.420621195277479,0
0.0,1.5,2.4815837985125277,0
0.0,1.5,3.756326934720141,0
0.0,1.5,4.173307573615583,0
0.0,1.5,4.399130404823589,0
0.0,1.5,3.4145874032613373,0
0.0,1.5,1.7200387608618404,0
0.0,1.5,2.343765858623123,0
0.0,1.5,0.38774112384446324,0
0.0,0.0,2.9926710257878786,0
0.0,0.0,0.40644815161469383,0
0.0,0.0,0.0,0
0.0,0.0,0.0,0
1.5,0.0,0.0,0
1.5,0.0,0.0,0
1.5,0.0,1.0241411975843369,0
1.5,0.0,2.309275581718641,0
1.5,0.0,1.7141973672751942,0
1.5,0.0,0.617636836405091,0
1.5,0.0,2.1042550418465544,0
1.5,0.0,2.0757038204193874,0
0.0,0.0,1.6539809385159807,0
0.0,0.0,2.1059480150840355,0
0.0,0.0,2.6954236881111946,0
0.0,0.0,2.686800648060864,0
0.0,1.5,3.8903269871897295,0
0.0,1.5,5.809285822047077,0
0.0,1.5,5.2313368322196965,0
0.0,1.5,4.309482211105255,0
0.0,1.5,3.53435401775162,0
0.0,1.5,2.9475614934950305,0
0.0,1.5,2.634561296544579,0
0.0,0.0,1.8412831548252058,0
0.0,0.0,0.011318068594029729,0
0.0,1.5,0.0,0
0.0,0.0,0.4686926015997832,0
0.0,0.0,0.23098689175936182,0
1.5,0.0,0.16768011570583097,0
1.5,0.0,0.14141155569034325,0
1.5,0.0,0.0,0
1.5,0.0,0.6336224826916652,0
1.5,0.0,1.7352922453108062,0
1.5,0.0,2.5831082037883535,0
1.5,0.0,2.460932810836667,0
1.5,0.0,3.6561757958849515,0
0.0,0.0,2.50348708529208,0
0.0,0.0,2.869303169169897,0
0.0,0.0,4.263873908441259,0
0.0,0.0,4.291231489975052,0
0.0,0.0,3.7177512107003894,0
0.0,1.5,4.551404334466106,0
0.0,1.5,4.719328141700435,0
0.0,1.5,4.104629215585179,0
0.0,1.5,4.787273186980393,0
0.0,1.5,2.0886152517116785,0
0.0,1.5,2.7005341630918296,0
0.0,0.0,1.5081202803695144,0
0.0,0.0,2.0453846932377036,0
0.0,0.0,1.353661735035524,0
0.0,0.0,0.28595526356694045,0
1.5,0.0,0.0,0
0.0,0.0,0.15458785262963248,0
1.5,0.0,1.0066427375070088,0
1.5,0.0,1.01681507399112,0
1.5,0.0,2.8445286623085524,0
1.5,0.0,2.4533216137999903,0
1.5,0.0,0.8456909557260073,0
1.5,0.0,3.6059785520044256,0
0.0,0.0,3.234164626200168,0
0.0,0.0,2.7229879537510335,0
0.0,0.0,3.001238912241364,0
0.0,0.0,5.475803439755065,0
0.0,1.5,4.5102495125302795,0
0.0,1.5,4.794759341593808,0
0.0,1.5,5.205778609760442,0
0.0,1.5,5.348042995055441,0
0.0,1.5,3.6990515572708005,0
0.0,1.5,4.491828302187541,0
0.0,1.5,3.2191912321557172,0
0.0,1.5,2.319705130422108,0
0.0,1.5,1.33870305048,0
0.0,1.5,0.5027664537922285,0
0.0,0.0,0.06129650682369259,0
1.5,0.0,0.09791805192915515,0
0.0,0.0,0.0,0
1.5,0.0,0.04935431479166308,0
1.5,0.0,0.5298188398106702,0
1.5,0.0,1.7835984020485383,0
1.5,0.0,1.2687501022707761,0
1.5,0.0,1.4410272461916591,0
1.5,0.0,1.7022937906248767,0
1.5,0.0,1.3044885887538853,0
0.0,0.0,2.904297127059164,0
0.0,0.0,3.4416500518963984,0
0.0,0.0,3.5060718976553384,0
0.0,0.0,2.9700729326299844,0
0.0,0.0,5.001485232247928,0
0.0,0.0,4.530126613965115,0
0.0,1.5,4.381346527212232,0
0.0,1.5,5.6775321658666575,0
0.0,1.5,4.95840953968575,0
0.0,1.5,4.092297133295927,0
0.0,1.5,2.7952669855467507,0
0.0,0.0,2.9864672678113013,0
0.0,1.5,0.8550278135308784,0
0.0,0.0,0.0,0
0.0,0.0,0.0,0
0.0,0.0,0.3530241191880916,0
0.0,0.0,0.0,0
1.5,0.0,4.131735641548968,0
1.5,0.0,0.4587850784350802,0
1.5,0.0,1.5553132869420239,0
1.5,0.0,1.772739405029515,0
0.0,0.0,2.5417860285025053,0
1.5,0.0,2.319708719868011,0
1.5,0.0,1.6468335481081815,0
1.5,0.0,2.9878908662405266,0
0.0,0.0,3.052961906196539,0
